S.NO,Brand,Territory,Brand_Market_Share,Competitor,Competitor_Market_Share,Reasons_Outperformance
1,USHINDI BAR,CENTRAL,3.4%,MENENGAI,20.1%,"Based on the context provided, MENENGAI outperforms USHINDI BAR in CENTRAL primarily through its established heritage brand status in the agricultural region, combined with an extensive rural distribution network through local dukas and markets that aligns with the territory's mixed urban-rural character. The success is further amplified by MENENGAI's value-focused pricing strategy that resonates with price-conscious consumers while maintaining quality perceptions among traditional households who view it as a trusted, local Kenyan brand.

(Rationale: I focused on three key differentiators - brand heritage/trust, distribution reach, and value pricing - that would matter most in a traditional, price-sensitive market with mixed urban-rural characteristics. The analysis connects these factors specifically to the territory context provided rather than making generic claims.)"
2,USHINDI BAR,CENTRAL,3.4%,ZENTA (PACIFIC INTER LINK),13.5%,"Based on the market context and competitive landscape in Central Kenya, ZENTA likely outperforms USHINDI BAR primarily through:

1. Strong mid-market positioning that resonates with price-conscious Central consumers while maintaining perceived quality (sitting strategically between premium leaders like NDUME and value brands)
2. Effective distribution through both traditional retail channels that serve rural agricultural communities and modern trade outlets in urban centers
3. Consistent marketing messaging that emphasizes value-for-money and appeals to traditional family values common in the Central region

This balanced approach helps ZENTA capture both value-seeking rural customers and quality-conscious urban consumers, while USHINDI BAR's lower market share suggests it may be struggling with limited distribution reach and less compelling brand positioning for this specific territory's demographics."
3,USHINDI BAR,CENTRAL,3.4%,JAMAA,6.5%,"Based on the context provided, JAMAA's 3.1% market share advantage over USHINDI BAR in CENTRAL Kenya likely stems from:

Two key differentiators explain the performance gap: 1) JAMAA's stronger mid-market positioning resonates with CENTRAL's price-conscious but quality-seeking consumers through balanced value proposition, and 2) More extensive distribution network leveraging KAPA OIL's established presence in both traditional trade and agricultural supply chains, enabling better rural penetration in this mixed urban-rural territory.

The 6.5% share suggests JAMAA has found an effective niche position between value leaders (NDUME/MENENGAI) and premium brands, while the significant gap to market leaders indicates opportunity for further growth through enhanced distribution and targeted marketing to agricultural communities."
4,USHINDI BAR,COAST,15.2%,ZENTA (PACIFIC INTER LINK),13.2%,"Based on the context provided, here's my analysis of ZENTA's underperformance versus USHINDI BAR in Coast:

USHINDI BAR likely outperforms ZENTA due to its stronger local heritage connection (being a Pwani Oil product manufactured in Mombasa), better established traditional trade relationships in the region's dominant informal retail channels, and more effective price positioning for the value-conscious coastal consumer base. Additionally, USHINDI BAR benefits from shared distribution synergies with market leader WHITE WASH (also from Pwani Oil), giving it better shelf presence and trade support compared to ZENTA's more limited distribution network in the territory.

Key Differentiators:
1. Brand Positioning: Local vs Foreign perception
2. Distribution: Superior traditional trade coverage
3. Price-Value: Better alignment with local purchasing power
4. Trade Relationships: Stronger wholesaler/retailer partnerships
5. Portfolio Effect: Benefits from WHITE WASH's market leadership"
5,USHINDI BAR,COAST,15.2%,MENENGAI,11.8%,"Analysis of MENENGAI's underperformance vs USHINDI BAR in COAST:

USHINDI BAR's stronger performance likely stems from its local manufacturing presence through PWANI OIL PRODUCTS (a major Coast-based company), giving it superior distribution networks and cultural resonance with coastal consumers, combined with more aggressive trade pricing that appeals to price-sensitive traditional trade shoppers. MENENGAI faces challenges in matching USHINDI's deep coastal retail penetration and local brand equity, while potentially lacking the focused marketing investment needed to overcome the ""home team advantage"" that PWANI OIL enjoys in this territory.

Key Differentiators:
1. Distribution: PWANI's established Coast infrastructure
2. Pricing: More competitive trade terms
3. Local Brand Equity: Stronger cultural connection"
6,USHINDI BAR,COAST,15.2%,JAMAA,7.3%,"Based on the context provided, JAMAA likely underperforms USHINDI BAR in COAST primarily due to:

""USHINDI BAR's superior performance stems from its local manufacturer advantage (Pwani Oil Products being based in Coast region) enabling stronger traditional trade distribution networks and cultural resonance, combined with a more competitive price point for price-sensitive coastal consumers, while JAMAA's positioning appears less aligned with local consumer preferences and lacks the same distribution depth in the territory's dominant traditional trade channels.""

This analysis focuses on the likely most impactful factors given Pwani Oil's strong overall presence in the region (controlling both leading brands), the importance of traditional trade in Coast, and typical advantages of local manufacturers in emerging markets. The distribution and positioning elements would be particularly crucial in this type of market environment."
7,USHINDI BAR,LAKE,2.1%,KIBUYU,16.7%,"Based on the context provided, KIBUYU likely outperforms USHINDI BAR in the LAKE territory primarily due to its established presence in rural fishing communities through a robust traditional trade network, combined with a value-oriented pricing strategy that resonates with the price-sensitive population. The brand appears to have successfully positioned itself as a reliable, locally-relevant option, particularly given its strong standing among other major players like NDUME and META, suggesting it has found the right balance of quality and affordability for this specific market's needs.

Key differentiators appear to be:
1. Distribution strength in rural areas
2. Competitive pricing for price-sensitive market
3. Brand relevance to local community needs"
8,USHINDI BAR,LAKE,2.1%,META (VIPINGO),11.1%,"""META (VIPINGO) outperforms USHINDI BAR primarily through its strong penetration in fishing communities via targeted distribution to lakeside markets and local shops, combined with a value-focused pricing strategy that aligns with the territory's price sensitivity. The brand has also built strong credibility through consistent quality messaging that emphasizes its effectiveness in removing fish odors - a key benefit resonating with the region's dominant fishing communities.""

This analysis highlights:
1. Distribution advantage in key community touchpoints
2. Price positioning matched to local economics
3. Product messaging tailored to specific local needs
4. Clear focus on dominant consumer segment
5. Value proposition aligned with territory characteristics"
9,USHINDI BAR,LAKE,2.1%,CLASSIC (KAPA OIL REFINERIES),8.3%,"Based on the LAKE territory context and market dynamics, CLASSIC likely outperforms USHINDI BAR primarily through:

1. Better distribution penetration in both rural fishing communities and urban centers through established relationships with local wholesalers and retailers, enabling wider product availability
2. Value-oriented pricing strategy that balances quality perception with affordability for price-sensitive consumers, especially important in this mixed rural-urban market
3. Product formulation specifically suited for high-water-usage areas (good lather in abundant water conditions) and trusted by fishing communities for effectively cleaning fishy odors

The key advantage appears to be CLASSIC's successful adaptation to the territory's unique characteristics (fishing economy, water abundance) while maintaining strong distribution coverage across both rural and urban areas."
10,USHINDI BAR,LAKE,2.1%,MSAFI,7.7%,"Based on the context, MSAFI likely outperforms USHINDI BAR in the LAKE territory primarily due to:

1. Strong distribution partnerships with local fishing cooperatives and rural trading centers, giving it better reach into lakeside communities compared to USHINDI's more limited network
2. Value positioning that balances quality with affordable pricing - critical for the price-sensitive region while maintaining perceived quality above economy brands
3. Brand messaging that resonates with both urban and rural consumers through localized marketing that emphasizes cleanliness/purity (fitting the ""MSAFI"" name meaning ""clean"" in Swahili) - particularly important in a water-abundant region

This analysis assumes these factors based on the market shares and territory context, but would benefit from specific data on distribution networks and consumer research to validate."
11,USHINDI BAR,LAKE,2.1%,MENENGAI,6.8%,"MENENGAI outperforms USHINDI BAR primarily through its strong distribution network leveraging local fishing community retailers and its established sister brand KIBUYU (16.7% share), which provides shared distribution benefits and stronger shelf presence. The brand's successful penetration can also be attributed to its value-focused pricing strategy that resonates with the price-sensitive LAKE territory consumers, while maintaining quality perceptions through consistent local-language marketing that emphasizes affordability without compromising cleaning effectiveness.

(This analysis emphasizes distribution leverage and pricing as key differentiators, while acknowledging the local market dynamics and MENENGAI's strategic positioning within them. The presence of KIBUYU as a sister brand suggests strong overall market understanding and execution by MENENGAI's parent company in this territory.)"
12,USHINDI BAR,LAKE,2.1%,ZENTA (PACIFIC INTER LINK),5.8%,"Based on the territory context and market dynamics, here's my analysis of ZENTA's superior performance:

ZENTA likely outperforms USHINDI BAR through a combination of competitive pricing that appeals to the price-sensitive Lake region consumers, coupled with strong distribution partnerships with local fishing community retailers and markets that ensure consistent availability. The brand may also benefit from product formulation specifically suited to hard water conditions common in lake areas, making it more effective for the local washing needs.

This analysis assumes ZENTA has:
- Pricing aligned with local purchasing power
- Strong presence in local retail channels
- Product features optimized for local water conditions 

However, without more specific data about each brand's strategies and local market dynamics, these are informed hypotheses. Additional information about distribution networks, pricing strategies, and consumer preferences would help validate these conclusions."
13,USHINDI BAR,NAIROBI,6.5%,MENENGAI,25.8%,"""MENENGAI outperforms USHINDI BAR primarily through its strong local heritage brand positioning that resonates with Nairobi's brand-conscious consumers, combined with superior distribution coverage in modern retail chains where it maintains prime shelf positioning. Its mid-tier pricing strategy strikes an optimal balance between quality perception and affordability for urban middle-class consumers, whereas USHINDI BAR's value positioning may be limiting its appeal in this higher-income market.""

This analysis highlights:
1. Brand Positioning: Local heritage vs value positioning
2. Distribution: Strong modern trade presence
3. Pricing: Strategic mid-tier positioning
4. Target Market: Urban middle-class focus
5. Consumer Appeal: Quality-price balance for brand-conscious buyers"
14,USHINDI BAR,NAIROBI,6.5%,JAMAA,20.6%,"Based on the market context, JAMAA likely outperforms USHINDI BAR due to:

""JAMAA's success stems from its strong mid-tier positioning that resonates with Nairobi's brand-conscious but value-seeking urban consumers, combined with superior distribution coverage in modern trade channels like supermarkets where higher-income shoppers prefer to purchase. The brand's higher market share suggests more consistent availability and stronger trade relationships with key retail chains in this modern trade-dominated territory compared to USHINDI BAR's more limited presence.""

This analysis assumes: 
- Nairobi's urban consumers favor established mid-market brands
- Modern trade is a critical channel for soap sales in this territory
- Distribution strength significantly impacts market share in urban markets"
15,USHINDI BAR,NAIROBI,6.5%,ZENTA (PACIFIC INTER LINK),18.0%,"""ZENTA outperforms USHINDI BAR primarily through its stronger presence in modern trade channels (supermarkets and retail chains) which dominate Nairobi's urban landscape, combined with a mid-premium positioning that resonates with the territory's brand-conscious, higher-income consumers. Their success is further amplified by aggressive promotional activities and prominent shelf placement in key retail outlets, while maintaining competitive pricing against similar mid-tier brands.""

This analysis focuses on Nairobi's urban, higher-income characteristics and assumes ZENTA has effectively leveraged modern trade channels with strong retail partnerships. The mid-premium positioning and competitive pricing strategy would be particularly relevant for brand-conscious urban consumers in this territory."
16,USHINDI BAR,RIFT VALLEY,3.7%,MENENGAI,24.3%,"MENENGAI outperforms USHINDI BAR primarily through its deep-rooted distribution network in agricultural communities, leveraging local cooperatives and bulk-buying centers that align with farmers' purchasing patterns, combined with a value-focused product portfolio that includes larger bar sizes optimal for rural households practicing bulk buying. The brand's strong local heritage and reputation for durability in hard water conditions (particularly relevant in Rift Valley's water-scarce regions) resonates strongly with price-sensitive agricultural households, while its multi-brand strategy (MENENGAI + KIBUYU) allows it to capture both value and premium segments effectively.

The key differentiators appear to be:
1. Distribution strength through agricultural networks
2. Water-scarcity adapted formulation
3. Multi-brand segmentation strategy"
17,USHINDI BAR,RIFT VALLEY,3.7%,ZENTA (PACIFIC INTER LINK),11.4%,"Based on the RIFT VALLEY context and market share data, here's my analysis of ZENTA's outperformance:

ZENTA likely outperforms USHINDI BAR primarily through its stronger rural distribution network catering to bulk-buying agricultural communities, combined with a value-focused pricing strategy that appeals to price-sensitive consumers in this region. Its success appears driven by effectively balancing quality with affordability for middle-income farming households, while maintaining consistent availability through established relationships with local traders and retail outlets that serve dispersed rural populations.

Key drivers:
1. Distribution: Strong rural retail network coverage
2. Pricing: Competitive bulk pricing strategy
3. Targeting: Clear focus on agricultural community needs
4. Value proposition: Quality-to-price ratio sweet spot
5. Availability: Consistent stock presence in local shops"
18,USHINDI BAR,RIFT VALLEY,3.7%,KIBUYU,10.3%,"KIBUYU outperforms USHINDI BAR primarily due to its strong positioning as a value-for-money brand that resonates with bulk-buying agricultural communities, supported by an extensive rural distribution network through local trading centers and weekly markets. The brand's success is further amplified by its association with MENENGAI (the market leader), which lends credibility and leverages existing distribution infrastructure, while its larger bar size and water-efficient formulation specifically addresses the territory's water scarcity concerns.

(Note: This analysis assumes certain details based on typical market dynamics and the given context, but could be refined with more specific data about the brands' actual positioning and features)"
19,USHINDI BAR,RIFT VALLEY,3.7%,MSAFI,8.3%,"MSAFI's stronger performance in Rift Valley likely stems from its well-established distribution partnerships with agricultural cooperatives and bulk retailers, making it more accessible to farming communities who prefer volume purchases. The brand's positioning as a reliable, water-efficient cleaning solution resonates strongly in water-scarce regions, while its competitive bulk pricing strategy and durable product formulation specifically address the value-conscious, heavy-usage needs of agricultural households.

The key drivers appear to be:
1. Distribution leverage through agricultural co-ops
2. Water-efficiency messaging that aligns with local constraints
3. Bulk pricing that appeals to high-volume users"
20,USHINDI BAR,RIFT VALLEY,3.7%,CLASSIC (KAPA OIL REFINERIES),5.6%,"Based on the Rift Valley context and market dynamics, here's my analysis of CLASSIC's outperformance:

CLASSIC likely outperforms USHINDI BAR primarily through superior bulk packaging options that appeal to agricultural communities' buying habits, combined with a more extensive rural distribution network leveraging local wholesalers who serve dispersed farming populations. Additionally, CLASSIC's product formulation may be better optimized for hard water conditions common in Rift Valley, delivering better value perception among price-sensitive bulk purchasers while maintaining adequate cleaning performance in challenging water conditions.

This analysis focuses on tangible advantages aligned with the territory's specific characteristics (agricultural communities, bulk purchasing patterns, water scarcity) while acknowledging the budget-conscious but quality-demanding nature of the regional consumer base."
